<?xml version="1.0"?>
<colors default="black">
    <option id="black">#000000</option>
    <option id="white">#FFFFFF</option>
    <!--Red-->
    <option id="red_50">#FFEBEE</option>
    <option id="red_100">#FFCDD2</option>
    <option id="red_200">#EF9A9A</option>
    <option id="red_300">#E57373</option>
    <option id="red_400">#EF5350</option>
    <option id="red_500">#F44336</option>
    <option id="red_600">#E53935</option>
    <option id="red_700">#D32F2F</option>
    <option id="red_800">#C62828</option>
    <option id="red_900">#B71C1C</option>
    <option id="red_a100">#FF8A80</option>
    <option id="red_a200">#FF5252</option>
    <option id="red_a400">#FF1744</option>
    <option id="red_a700">#D50000</option>
    <!--PinkPink-->
    <option id="pink_50">#FCE4EC</option>
    <option id="pink_100">#F8BBD0</option>
    <option id="pink_200">#F48FB1</option>
    <option id="pink_300">#F06292</option>
    <option id="pink_400">#EC407A</option>
    <option id="pink_500">#E91E63</option>
    <option id="pink_600">#D81B60</option>
    <option id="pink_700">#C2185B</option>
    <option id="pink_800">#AD1457</option>
    <option id="pink_900">#880E4F</option>
    <option id="pink_a100">#FF80AB</option>
    <option id="pink_a200">#FF4081</option>
    <option id="pink_a400">#F50057</option>
    <option id="pink_a700">#C51162</option>
    <!--Purple-->
    <option id="purple_50">#F3E5F5</option>
    <option id="purple_100">#E1BEE7</option>
    <option id="purple_200">#CE93D8</option>
    <option id="purple_300">#BA68C8</option>
    <option id="purple_400">#AB47BC</option>
    <option id="purple_500">#9C27B0</option>
    <option id="purple_600">#8E24AA</option>
    <option id="purple_700">#7B1FA2</option>
    <option id="purple_800">#6A1B9A</option>
    <option id="purple_900">#4A148C</option>
    <option id="purple_a100">#EA80FC</option>
    <option id="purple_a200">#E040FB</option>
    <option id="purple_a400">#D500F9</option>
    <option id="purple_a700">#AA00FF</option>
    <!--Deep Purple-->
    <option id="deep_purple_50">#EDE7F6</option>
    <option id="deep_purple_100">#D1C4E9</option>
    <option id="deep_purple_200">#B39DDB</option>
    <option id="deep_purple_300">#9575CD</option>
    <option id="deep_purple_400">#7E57C2</option>
    <option id="deep_purple_500">#673AB7</option>
    <option id="deep_purple_600">#5E35B1</option>
    <option id="deep_purple_700">#512DA8</option>
    <option id="deep_purple_800">#4527A0</option>
    <option id="deep_purple_900">#311B92</option>
    <option id="deep_purple_a100">#B388FF</option>
    <option id="deep_purple_a200">#7C4DFF</option>
    <option id="deep_purple_a400">#651FFF</option>
    <option id="deep_purple_a700">#6200EA</option>
    <!--Indigo-->
    <option id="indigo_50">#E8EAF6</option>
    <option id="indigo_100">#C5CAE9</option>
    <option id="indigo_200">#9FA8DA</option>
    <option id="indigo_300">#7986CB</option>
    <option id="indigo_400">#5C6BC0</option>
    <option id="indigo_500">#3F51B5</option>
    <option id="indigo_600">#3949AB</option>
    <option id="indigo_700">#303F9F</option>
    <option id="indigo_800">#283593</option>
    <option id="indigo_900">#1A237E</option>
    <option id="indigo_a100">#8C9EFF</option>
    <option id="indigo_a200">#536DFE</option>
    <option id="indigo_a400">#3D5AFE</option>
    <option id="indigo_a700">#304FFE</option>
    <!--Blue-->
    <option id="blue_50">#E3F2FD</option>
    <option id="blue_100">#BBDEFB</option>
    <option id="blue_200">#90CAF9</option>
    <option id="blue_300">#64B5F6</option>
    <option id="blue_400">#42A5F5</option>
    <option id="blue_500">#2196F3</option>
    <option id="blue_600">#1E88E5</option>
    <option id="blue_700">#1976D2</option>
    <option id="blue_800">#1565C0</option>
    <option id="blue_900">#0D47A1</option>
    <option id="blue_a100">#82B1FF</option>
    <option id="blue_a200">#448AFF</option>
    <option id="blue_a400">#2979FF</option>
    <option id="blue_a700">#2962FF</option>
    <!--Light Blue-->
    <option id="light_blue_50">#E1F5FE</option>
    <option id="light_blue_100">#B3E5FC</option>
    <option id="light_blue_200">#81D4FA</option>
    <option id="light_blue_300">#4FC3F7</option>
    <option id="light_blue_400">#29B6F6</option>
    <option id="light_blue_500">#03A9F4</option>
    <option id="light_blue_600">#039BE5</option>
    <option id="light_blue_700">#0288D1</option>
    <option id="light_blue_800">#0277BD</option>
    <option id="light_blue_900">#01579B</option>
    <option id="light_blue_a100">#80D8FF</option>
    <option id="light_blue_a200">#40C4FF</option>
    <option id="light_blue_a400">#00B0FF</option>
    <option id="light_blue_a700">#0091EA</option>
    <!--Cyan-->
    <option id="cyan_50">#E0F7FA</option>
    <option id="cyan_100">#B2EBF2</option>
    <option id="cyan_200">#80DEEA</option>
    <option id="cyan_300">#4DD0E1</option>
    <option id="cyan_400">#26C6DA</option>
    <option id="cyan_500">#00BCD4</option>
    <option id="cyan_600">#00ACC1</option>
    <option id="cyan_700">#0097A7</option>
    <option id="cyan_800">#00838F</option>
    <option id="cyan_900">#006064</option>
    <option id="cyan_a100">#84FFFF</option>
    <option id="cyan_a200">#18FFFF</option>
    <option id="cyan_a400">#00E5FF</option>
    <option id="cyan_a700">#00B8D4</option>
    <!--Teal-->
    <option id="teal_50">#E0F2F1</option>
    <option id="teal_100">#B2DFDB</option>
    <option id="teal_200">#80CBC4</option>
    <option id="teal_300">#4DB6AC</option>
    <option id="teal_400">#26A69A</option>
    <option id="teal_500">#009688</option>
    <option id="teal_600">#00897B</option>
    <option id="teal_700">#00796B</option>
    <option id="teal_800">#00695C</option>
    <option id="teal_900">#004D40</option>
    <option id="teal_a100">#A7FFEB</option>
    <option id="teal_a200">#64FFDA</option>
    <option id="teal_a400">#1DE9B6</option>
    <option id="teal_a700">#00BFA5</option>
    <!--Green-->
    <option id="green_50">#E8F5E9</option>
    <option id="green_100">#C8E6C9</option>
    <option id="green_200">#A5D6A7</option>
    <option id="green_300">#81C784</option>
    <option id="green_400">#66BB6A</option>
    <option id="green_500">#4CAF50</option>
    <option id="green_600">#43A047</option>
    <option id="green_700">#388E3C</option>
    <option id="green_800">#2E7D32</option>
    <option id="green_900">#1B5E20</option>
    <option id="green_a100">#B9F6CA</option>
    <option id="green_a200">#69F0AE</option>
    <option id="green_a400">#00E676</option>
    <option id="green_a700">#00C853</option>
    <!--Light Green-->
    <option id="light_green_50">#F1F8E9</option>
    <option id="light_green_100">#DCEDC8</option>
    <option id="light_green_200">#C5E1A5</option>
    <option id="light_green_300">#AED581</option>
    <option id="light_green_400">#9CCC65</option>
    <option id="light_green_500">#8BC34A</option>
    <option id="light_green_600">#7CB342</option>
    <option id="light_green_700">#689F38</option>
    <option id="light_green_800">#558B2F</option>
    <option id="light_green_900">#33691E</option>
    <option id="light_green_a100">#CCFF90</option>
    <option id="light_green_a200">#B2FF59</option>
    <option id="light_green_a400">#76FF03</option>
    <option id="light_green_a700">#64DD17</option>
    <!--Lime-->
    <option id="lime_50">#F9FBE7</option>
    <option id="lime_100">#F0F4C3</option>
    <option id="lime_200">#E6EE9C</option>
    <option id="lime_300">#DCE775</option>
    <option id="lime_400">#D4E157</option>
    <option id="lime_500">#CDDC39</option>
    <option id="lime_600">#C0CA33</option>
    <option id="lime_700">#AFB42B</option>
    <option id="lime_800">#9E9D24</option>
    <option id="lime_900">#827717</option>
    <option id="lime_a100">#F4FF81</option>
    <option id="lime_a200">#EEFF41</option>
    <option id="lime_a400">#C6FF00</option>
    <option id="lime_a700">#AEEA00</option>
    <!--Yellow-->
    <option id="yellow_50">#FFFDE7</option>
    <option id="yellow_100">#FFF9C4</option>
    <option id="yellow_200">#FFF59D</option>
    <option id="yellow_300">#FFF176</option>
    <option id="yellow_400">#FFEE58</option>
    <option id="yellow_500">#FFEB3B</option>
    <option id="yellow_600">#FDD835</option>
    <option id="yellow_700">#FBC02D</option>
    <option id="yellow_800">#F9A825</option>
    <option id="yellow_900">#F57F17</option>
    <option id="yellow_a100">#FFFF8D</option>
    <option id="yellow_a200">#FFFF00</option>
    <option id="yellow_a400">#FFEA00</option>
    <option id="yellow_a700">#FFD600</option>
    <!--Amber-->
    <option id="amber_50">#FFF8E1</option>
    <option id="amber_100">#FFECB3</option>
    <option id="amber_200">#FFE082</option>
    <option id="amber_300">#FFD54F</option>
    <option id="amber_400">#FFCA28</option>
    <option id="amber_500">#FFC107</option>
    <option id="amber_600">#FFB300</option>
    <option id="amber_700">#FFA000</option>
    <option id="amber_800">#FF8F00</option>
    <option id="amber_900">#FF6F00</option>
    <option id="amber_a100">#FFE57F</option>
    <option id="amber_a200">#FFD740</option>
    <option id="amber_a400">#FFC400</option>
    <option id="amber_a700">#FFAB00</option>
    <!--Orange-->
    <option id="orange_50">#FFF3E0</option>
    <option id="orange_100">#FFE0B2</option>
    <option id="orange_200">#FFCC80</option>
    <option id="orange_300">#FFB74D</option>
    <option id="orange_400">#FFA726</option>
    <option id="orange_500">#FF9800</option>
    <option id="orange_600">#FB8C00</option>
    <option id="orange_700">#F57C00</option>
    <option id="orange_800">#EF6C00</option>
    <option id="orange_900">#E65100</option>
    <option id="orange_a100">#FFD180</option>
    <option id="orange_a200">#FFAB40</option>
    <option id="orange_a400">#FF9100</option>
    <option id="orange_a700">#FF6D00</option>
    <!--Deep Orange-->
    <option id="deep_orange_50">#FBE9E7</option>
    <option id="deep_orange_100">#FFCCBC</option>
    <option id="deep_orange_200">#FFAB91</option>
    <option id="deep_orange_300">#FF8A65</option>
    <option id="deep_orange_400">#FF7043</option>
    <option id="deep_orange_500">#FF5722</option>
    <option id="deep_orange_600">#F4511E</option>
    <option id="deep_orange_700">#E64A19</option>
    <option id="deep_orange_800">#D84315</option>
    <option id="deep_orange_900">#BF360C</option>
    <option id="deep_orange_a100">#FF9E80</option>
    <option id="deep_orange_a200">#FF6E40</option>
    <option id="deep_orange_a400">#FF3D00</option>
    <option id="deep_orange_a700">#DD2C00</option>
    <!--Brown-->
    <option id="brown_50">#EFEBE9</option>
    <option id="brown_100">#D7CCC8</option>
    <option id="brown_200">#BCAAA4</option>
    <option id="brown_300">#A1887F</option>
    <option id="brown_400">#8D6E63</option>
    <option id="brown_500">#795548</option>
    <option id="brown_600">#6D4C41</option>
    <option id="brown_700">#5D4037</option>
    <option id="brown_800">#4E342E</option>
    <option id="brown_900">#3E2723</option>
    <!--Grey-->
    <option id="grey_50">#FAFAFA</option>
    <option id="grey_100">#F5F5F5</option>
    <option id="grey_200">#EEEEEE</option>
    <option id="grey_300">#E0E0E0</option>
    <option id="grey_400">#BDBDBD</option>
    <option id="grey_500">#9E9E9E</option>
    <option id="grey_600">#757575</option>
    <option id="grey_700">#616161</option>
    <option id="grey_800">#424242</option>
    <option id="grey_900">#212121</option>
    <!--Blue Grey-->
    <option id="blue_grey_50">#ECEFF1</option>
    <option id="blue_grey_100">#CFD8DC</option>
    <option id="blue_grey_200">#B0BEC5</option>
    <option id="blue_grey_300">#90A4AE</option>
    <option id="blue_grey_400">#78909C</option>
    <option id="blue_grey_500">#607D8B</option>
    <option id="blue_grey_600">#546E7A</option>
    <option id="blue_grey_700">#455A64</option>
    <option id="blue_grey_800">#37474F</option>
    <option id="blue_grey_900">#263238</option>
</colors>