<?xml version="1.0"?>
<icons default="action/ic_3d_rotation">

    <option id="action/ic_3d_rotation">action/ic_3d_rotation</option>
    <option id="action/ic_accessibility">action/ic_accessibility</option>
    <option id="action/ic_accessible">action/ic_accessible</option>
    <option id="action/ic_account_balance">action/ic_account_balance</option>
    <option id="action/ic_account_balance_wallet">action/ic_account_balance_wallet</option>
    <option id="action/ic_account_box">action/ic_account_box</option>
    <option id="action/ic_account_circle">action/ic_account_circle</option>
    <option id="action/ic_add_shopping_cart">action/ic_add_shopping_cart</option>
    <option id="action/ic_alarm_add">action/ic_alarm_add</option>
    <option id="action/ic_alarm">action/ic_alarm</option>
    <option id="action/ic_alarm_off">action/ic_alarm_off</option>
    <option id="action/ic_alarm_on">action/ic_alarm_on</option>
    <option id="action/ic_all_out">action/ic_all_out</option>
    <option id="action/ic_android">action/ic_android</option>
    <option id="action/ic_announcement">action/ic_announcement</option>
    <option id="action/ic_aspect_ratio">action/ic_aspect_ratio</option>
    <option id="action/ic_assessment">action/ic_assessment</option>
    <option id="action/ic_assignment">action/ic_assignment</option>
    <option id="action/ic_assignment_ind">action/ic_assignment_ind</option>
    <option id="action/ic_assignment_late">action/ic_assignment_late</option>
    <option id="action/ic_assignment_return">action/ic_assignment_return</option>
    <option id="action/ic_assignment_returned">action/ic_assignment_returned</option>
    <option id="action/ic_assignment_turned_in">action/ic_assignment_turned_in</option>
    <option id="action/ic_autorenew">action/ic_autorenew</option>
    <option id="action/ic_backup">action/ic_backup</option>
    <option id="action/ic_book">action/ic_book</option>
    <option id="action/ic_bookmark">action/ic_bookmark</option>
    <option id="action/ic_bookmark_border">action/ic_bookmark_border</option>
    <option id="action/ic_bug_report">action/ic_bug_report</option>
    <option id="action/ic_build">action/ic_build</option>
    <option id="action/ic_cached">action/ic_cached</option>
    <option id="action/ic_camera_enhance">action/ic_camera_enhance</option>
    <option id="action/ic_card_giftcard">action/ic_card_giftcard</option>
    <option id="action/ic_card_membership">action/ic_card_membership</option>
    <option id="action/ic_card_travel">action/ic_card_travel</option>
    <option id="action/ic_change_history">action/ic_change_history</option>
    <option id="action/ic_check_circle">action/ic_check_circle</option>
    <option id="action/ic_chrome_reader_mode">action/ic_chrome_reader_mode</option>
    <option id="action/ic_class">action/ic_class</option>
    <option id="action/ic_code">action/ic_code</option>
    <option id="action/ic_compare_arrows">action/ic_compare_arrows</option>
    <option id="action/ic_copyright">action/ic_copyright</option>
    <option id="action/ic_credit_card">action/ic_credit_card</option>
    <option id="action/ic_dashboard">action/ic_dashboard</option>
    <option id="action/ic_date_range">action/ic_date_range</option>
    <option id="action/ic_delete">action/ic_delete</option>
    <option id="action/ic_delete_forever">action/ic_delete_forever</option>
    <option id="action/ic_description">action/ic_description</option>
    <option id="action/ic_dns">action/ic_dns</option>
    <option id="action/ic_done_all">action/ic_done_all</option>
    <option id="action/ic_done">action/ic_done</option>
    <option id="action/ic_donut_large">action/ic_donut_large</option>
    <option id="action/ic_donut_small">action/ic_donut_small</option>
    <option id="action/ic_eject">action/ic_eject</option>
    <option id="action/ic_euro_symbol">action/ic_euro_symbol</option>
    <option id="action/ic_event">action/ic_event</option>
    <option id="action/ic_event_seat">action/ic_event_seat</option>
    <option id="action/ic_exit_to_app">action/ic_exit_to_app</option>
    <option id="action/ic_explore">action/ic_explore</option>
    <option id="action/ic_extension">action/ic_extension</option>
    <option id="action/ic_face">action/ic_face</option>
    <option id="action/ic_favorite">action/ic_favorite</option>
    <option id="action/ic_favorite_border">action/ic_favorite_border</option>
    <option id="action/ic_feedback">action/ic_feedback</option>
    <option id="action/ic_find_in_page">action/ic_find_in_page</option>
    <option id="action/ic_find_replace">action/ic_find_replace</option>
    <option id="action/ic_fingerprint">action/ic_fingerprint</option>
    <option id="action/ic_flight_land">action/ic_flight_land</option>
    <option id="action/ic_flight_takeoff">action/ic_flight_takeoff</option>
    <option id="action/ic_flip_to_back">action/ic_flip_to_back</option>
    <option id="action/ic_flip_to_front">action/ic_flip_to_front</option>
    <option id="action/ic_g_translate">action/ic_g_translate</option>
    <option id="action/ic_gavel">action/ic_gavel</option>
    <option id="action/ic_get_app">action/ic_get_app</option>
    <option id="action/ic_gif">action/ic_gif</option>
    <option id="action/ic_grade">action/ic_grade</option>
    <option id="action/ic_group_work">action/ic_group_work</option>
    <option id="action/ic_help">action/ic_help</option>
    <option id="action/ic_help_outline">action/ic_help_outline</option>
    <option id="action/ic_highlight_off">action/ic_highlight_off</option>
    <option id="action/ic_history">action/ic_history</option>
    <option id="action/ic_home">action/ic_home</option>
    <option id="action/ic_hourglass_empty">action/ic_hourglass_empty</option>
    <option id="action/ic_hourglass_full">action/ic_hourglass_full</option>
    <option id="action/ic_http">action/ic_http</option>
    <option id="action/ic_https">action/ic_https</option>
    <option id="action/ic_important_devices">action/ic_important_devices</option>
    <option id="action/ic_info">action/ic_info</option>
    <option id="action/ic_info_outline">action/ic_info_outline</option>
    <option id="action/ic_input">action/ic_input</option>
    <option id="action/ic_invert_colors">action/ic_invert_colors</option>
    <option id="action/ic_label">action/ic_label</option>
    <option id="action/ic_label_outline">action/ic_label_outline</option>
    <option id="action/ic_language">action/ic_language</option>
    <option id="action/ic_launch">action/ic_launch</option>
    <option id="action/ic_lightbulb_outline">action/ic_lightbulb_outline</option>
    <option id="action/ic_line_style">action/ic_line_style</option>
    <option id="action/ic_line_weight">action/ic_line_weight</option>
    <option id="action/ic_list">action/ic_list</option>
    <option id="action/ic_lock">action/ic_lock</option>
    <option id="action/ic_lock_open">action/ic_lock_open</option>
    <option id="action/ic_lock_outline">action/ic_lock_outline</option>
    <option id="action/ic_loyalty">action/ic_loyalty</option>
    <option id="action/ic_markunread_mailbox">action/ic_markunread_mailbox</option>
    <option id="action/ic_motorcycle">action/ic_motorcycle</option>
    <option id="action/ic_note_add">action/ic_note_add</option>
    <option id="action/ic_offline_pin">action/ic_offline_pin</option>
    <option id="action/ic_opacity">action/ic_opacity</option>
    <option id="action/ic_open_in_browser">action/ic_open_in_browser</option>
    <option id="action/ic_open_in_new">action/ic_open_in_new</option>
    <option id="action/ic_open_with">action/ic_open_with</option>
    <option id="action/ic_pageview">action/ic_pageview</option>
    <option id="action/ic_pan_tool">action/ic_pan_tool</option>
    <option id="action/ic_payment">action/ic_payment</option>
    <option id="action/ic_perm_camera_mic">action/ic_perm_camera_mic</option>
    <option id="action/ic_perm_contact_calendar">action/ic_perm_contact_calendar</option>
    <option id="action/ic_perm_data_setting">action/ic_perm_data_setting</option>
    <option id="action/ic_perm_device_information">action/ic_perm_device_information</option>
    <option id="action/ic_perm_identity">action/ic_perm_identity</option>
    <option id="action/ic_perm_media">action/ic_perm_media</option>
    <option id="action/ic_perm_phone_msg">action/ic_perm_phone_msg</option>
    <option id="action/ic_perm_scan_wifi">action/ic_perm_scan_wifi</option>
    <option id="action/ic_pets">action/ic_pets</option>
    <option id="action/ic_picture_in_picture_alt">action/ic_picture_in_picture_alt</option>
    <option id="action/ic_picture_in_picture">action/ic_picture_in_picture</option>
    <option id="action/ic_play_for_work">action/ic_play_for_work</option>
    <option id="action/ic_polymer">action/ic_polymer</option>
    <option id="action/ic_power_settings_new">action/ic_power_settings_new</option>
    <option id="action/ic_pregnant_woman">action/ic_pregnant_woman</option>
    <option id="action/ic_print">action/ic_print</option>
    <option id="action/ic_query_builder">action/ic_query_builder</option>
    <option id="action/ic_question_answer">action/ic_question_answer</option>
    <option id="action/ic_receipt">action/ic_receipt</option>
    <option id="action/ic_record_voice_over">action/ic_record_voice_over</option>
    <option id="action/ic_redeem">action/ic_redeem</option>
    <option id="action/ic_remove_shopping_cart">action/ic_remove_shopping_cart</option>
    <option id="action/ic_reorder">action/ic_reorder</option>
    <option id="action/ic_report_problem">action/ic_report_problem</option>
    <option id="action/ic_restore">action/ic_restore</option>
    <option id="action/ic_restore_page">action/ic_restore_page</option>
    <option id="action/ic_room">action/ic_room</option>
    <option id="action/ic_rounded_corner">action/ic_rounded_corner</option>
    <option id="action/ic_rowing">action/ic_rowing</option>
    <option id="action/ic_schedule">action/ic_schedule</option>
    <option id="action/ic_search">action/ic_search</option>
    <option id="action/ic_settings_applications">action/ic_settings_applications</option>
    <option id="action/ic_settings_backup_restore">action/ic_settings_backup_restore</option>
    <option id="action/ic_settings">action/ic_settings</option>
    <option id="action/ic_settings_bluetooth">action/ic_settings_bluetooth</option>
    <option id="action/ic_settings_brightness">action/ic_settings_brightness</option>
    <option id="action/ic_settings_cell">action/ic_settings_cell</option>
    <option id="action/ic_settings_ethernet">action/ic_settings_ethernet</option>
    <option id="action/ic_settings_input_antenna">action/ic_settings_input_antenna</option>
    <option id="action/ic_settings_input_component">action/ic_settings_input_component</option>
    <option id="action/ic_settings_input_composite">action/ic_settings_input_composite</option>
    <option id="action/ic_settings_input_hdmi">action/ic_settings_input_hdmi</option>
    <option id="action/ic_settings_input_svideo">action/ic_settings_input_svideo</option>
    <option id="action/ic_settings_overscan">action/ic_settings_overscan</option>
    <option id="action/ic_settings_phone">action/ic_settings_phone</option>
    <option id="action/ic_settings_power">action/ic_settings_power</option>
    <option id="action/ic_settings_remote">action/ic_settings_remote</option>
    <option id="action/ic_settings_voice">action/ic_settings_voice</option>
    <option id="action/ic_shop">action/ic_shop</option>
    <option id="action/ic_shop_two">action/ic_shop_two</option>
    <option id="action/ic_shopping_basket">action/ic_shopping_basket</option>
    <option id="action/ic_shopping_cart">action/ic_shopping_cart</option>
    <option id="action/ic_speaker_notes">action/ic_speaker_notes</option>
    <option id="action/ic_speaker_notes_off">action/ic_speaker_notes_off</option>
    <option id="action/ic_spellcheck">action/ic_spellcheck</option>
    <option id="action/ic_stars">action/ic_stars</option>
    <option id="action/ic_store">action/ic_store</option>
    <option id="action/ic_subject">action/ic_subject</option>
    <option id="action/ic_supervisor_account">action/ic_supervisor_account</option>
    <option id="action/ic_swap_horiz">action/ic_swap_horiz</option>
    <option id="action/ic_swap_vert">action/ic_swap_vert</option>
    <option id="action/ic_swap_vertical_circle">action/ic_swap_vertical_circle</option>
    <option id="action/ic_system_update_alt">action/ic_system_update_alt</option>
    <option id="action/ic_tab">action/ic_tab</option>
    <option id="action/ic_tab_unselected">action/ic_tab_unselected</option>
    <option id="action/ic_theaters">action/ic_theaters</option>
    <option id="action/ic_thumb_down">action/ic_thumb_down</option>
    <option id="action/ic_thumb_up">action/ic_thumb_up</option>
    <option id="action/ic_thumbs_up_down">action/ic_thumbs_up_down</option>
    <option id="action/ic_timeline">action/ic_timeline</option>
    <option id="action/ic_toc">action/ic_toc</option>
    <option id="action/ic_today">action/ic_today</option>
    <option id="action/ic_toll">action/ic_toll</option>
    <option id="action/ic_touch_app">action/ic_touch_app</option>
    <option id="action/ic_track_changes">action/ic_track_changes</option>
    <option id="action/ic_translate">action/ic_translate</option>
    <option id="action/ic_trending_down">action/ic_trending_down</option>
    <option id="action/ic_trending_flat">action/ic_trending_flat</option>
    <option id="action/ic_trending_up">action/ic_trending_up</option>
    <option id="action/ic_turned_in">action/ic_turned_in</option>
    <option id="action/ic_turned_in_not">action/ic_turned_in_not</option>
    <option id="action/ic_update">action/ic_update</option>
    <option id="action/ic_verified_user">action/ic_verified_user</option>
    <option id="action/ic_view_agenda">action/ic_view_agenda</option>
    <option id="action/ic_view_array">action/ic_view_array</option>
    <option id="action/ic_view_carousel">action/ic_view_carousel</option>
    <option id="action/ic_view_column">action/ic_view_column</option>
    <option id="action/ic_view_day">action/ic_view_day</option>
    <option id="action/ic_view_headline">action/ic_view_headline</option>
    <option id="action/ic_view_list">action/ic_view_list</option>
    <option id="action/ic_view_module">action/ic_view_module</option>
    <option id="action/ic_view_quilt">action/ic_view_quilt</option>
    <option id="action/ic_view_stream">action/ic_view_stream</option>
    <option id="action/ic_view_week">action/ic_view_week</option>
    <option id="action/ic_visibility">action/ic_visibility</option>
    <option id="action/ic_visibility_off">action/ic_visibility_off</option>
    <option id="action/ic_watch_later">action/ic_watch_later</option>
    <option id="action/ic_work">action/ic_work</option>
    <option id="action/ic_youtube_searched_for">action/ic_youtube_searched_for</option>
    <option id="action/ic_zoom_in">action/ic_zoom_in</option>
    <option id="action/ic_zoom_out">action/ic_zoom_out</option>
    <option id="alert/ic_add_alert">alert/ic_add_alert</option>
    <option id="alert/ic_error">alert/ic_error</option>
    <option id="alert/ic_error_outline">alert/ic_error_outline</option>
    <option id="alert/ic_warning">alert/ic_warning</option>
    <option id="av/ic_add_to_queue">av/ic_add_to_queue</option>
    <option id="av/ic_airplay">av/ic_airplay</option>
    <option id="av/ic_album">av/ic_album</option>
    <option id="av/ic_art_track">av/ic_art_track</option>
    <option id="av/ic_av_timer">av/ic_av_timer</option>
    <option id="av/ic_branding_watermark">av/ic_branding_watermark</option>
    <option id="av/ic_call_to_action">av/ic_call_to_action</option>
    <option id="av/ic_closed_caption">av/ic_closed_caption</option>
    <option id="av/ic_equalizer">av/ic_equalizer</option>
    <option id="av/ic_explicit">av/ic_explicit</option>
    <option id="av/ic_fast_forward">av/ic_fast_forward</option>
    <option id="av/ic_fast_rewind">av/ic_fast_rewind</option>
    <option id="av/ic_featured_play_list">av/ic_featured_play_list</option>
    <option id="av/ic_featured_video">av/ic_featured_video</option>
    <option id="av/ic_fiber_dvr">av/ic_fiber_dvr</option>
    <option id="av/ic_fiber_manual_record">av/ic_fiber_manual_record</option>
    <option id="av/ic_fiber_new">av/ic_fiber_new</option>
    <option id="av/ic_fiber_pin">av/ic_fiber_pin</option>
    <option id="av/ic_fiber_smart_record">av/ic_fiber_smart_record</option>
    <option id="av/ic_forward_10">av/ic_forward_10</option>
    <option id="av/ic_forward_30">av/ic_forward_30</option>
    <option id="av/ic_forward_5">av/ic_forward_5</option>
    <option id="av/ic_games">av/ic_games</option>
    <option id="av/ic_hd">av/ic_hd</option>
    <option id="av/ic_hearing">av/ic_hearing</option>
    <option id="av/ic_high_quality">av/ic_high_quality</option>
    <option id="av/ic_library_add">av/ic_library_add</option>
    <option id="av/ic_library_books">av/ic_library_books</option>
    <option id="av/ic_library_music">av/ic_library_music</option>
    <option id="av/ic_loop">av/ic_loop</option>
    <option id="av/ic_mic">av/ic_mic</option>
    <option id="av/ic_mic_none">av/ic_mic_none</option>
    <option id="av/ic_mic_off">av/ic_mic_off</option>
    <option id="av/ic_movie">av/ic_movie</option>
    <option id="av/ic_music_video">av/ic_music_video</option>
    <option id="av/ic_new_releases">av/ic_new_releases</option>
    <option id="av/ic_not_interested">av/ic_not_interested</option>
    <option id="av/ic_note">av/ic_note</option>
    <option id="av/ic_pause">av/ic_pause</option>
    <option id="av/ic_pause_circle_filled">av/ic_pause_circle_filled</option>
    <option id="av/ic_pause_circle_outline">av/ic_pause_circle_outline</option>
    <option id="av/ic_play_arrow">av/ic_play_arrow</option>
    <option id="av/ic_play_circle_filled">av/ic_play_circle_filled</option>
    <option id="av/ic_play_circle_filled_white">av/ic_play_circle_filled_white</option>
    <option id="av/ic_play_circle_outline">av/ic_play_circle_outline</option>
    <option id="av/ic_playlist_add">av/ic_playlist_add</option>
    <option id="av/ic_playlist_add_check">av/ic_playlist_add_check</option>
    <option id="av/ic_playlist_play">av/ic_playlist_play</option>
    <option id="av/ic_queue">av/ic_queue</option>
    <option id="av/ic_queue_music">av/ic_queue_music</option>
    <option id="av/ic_queue_play_next">av/ic_queue_play_next</option>
    <option id="av/ic_radio">av/ic_radio</option>
    <option id="av/ic_recent_actors">av/ic_recent_actors</option>
    <option id="av/ic_remove_from_queue">av/ic_remove_from_queue</option>
    <option id="av/ic_repeat">av/ic_repeat</option>
    <option id="av/ic_repeat_one">av/ic_repeat_one</option>
    <option id="av/ic_replay_10">av/ic_replay_10</option>
    <option id="av/ic_replay_30">av/ic_replay_30</option>
    <option id="av/ic_replay_5">av/ic_replay_5</option>
    <option id="av/ic_replay">av/ic_replay</option>
    <option id="av/ic_shuffle">av/ic_shuffle</option>
    <option id="av/ic_skip_next">av/ic_skip_next</option>
    <option id="av/ic_skip_previous">av/ic_skip_previous</option>
    <option id="av/ic_slow_motion_video">av/ic_slow_motion_video</option>
    <option id="av/ic_snooze">av/ic_snooze</option>
    <option id="av/ic_sort_by_alpha">av/ic_sort_by_alpha</option>
    <option id="av/ic_stop">av/ic_stop</option>
    <option id="av/ic_subscriptions">av/ic_subscriptions</option>
    <option id="av/ic_subtitles">av/ic_subtitles</option>
    <option id="av/ic_surround_sound">av/ic_surround_sound</option>
    <option id="av/ic_video_call">av/ic_video_call</option>
    <option id="av/ic_video_label">av/ic_video_label</option>
    <option id="av/ic_video_library">av/ic_video_library</option>
    <option id="av/ic_videocam">av/ic_videocam</option>
    <option id="av/ic_videocam_off">av/ic_videocam_off</option>
    <option id="av/ic_volume_down">av/ic_volume_down</option>
    <option id="av/ic_volume_mute">av/ic_volume_mute</option>
    <option id="av/ic_volume_off">av/ic_volume_off</option>
    <option id="av/ic_volume_up">av/ic_volume_up</option>
    <option id="av/ic_web_asset">av/ic_web_asset</option>
    <option id="av/ic_web">av/ic_web</option>
    <option id="communication/ic_business">communication/ic_business</option>
    <option id="communication/ic_call">communication/ic_call</option>
    <option id="communication/ic_call_end">communication/ic_call_end</option>
    <option id="communication/ic_call_made">communication/ic_call_made</option>
    <option id="communication/ic_call_merge">communication/ic_call_merge</option>
    <option id="communication/ic_call_missed">communication/ic_call_missed</option>
    <option id="communication/ic_call_missed_outgoing">communication/ic_call_missed_outgoing</option>
    <option id="communication/ic_call_received">communication/ic_call_received</option>
    <option id="communication/ic_call_split">communication/ic_call_split</option>
    <option id="communication/ic_chat">communication/ic_chat</option>
    <option id="communication/ic_chat_bubble">communication/ic_chat_bubble</option>
    <option id="communication/ic_chat_bubble_outline">communication/ic_chat_bubble_outline</option>
    <option id="communication/ic_clear_all">communication/ic_clear_all</option>
    <option id="communication/ic_comment">communication/ic_comment</option>
    <option id="communication/ic_contact_mail">communication/ic_contact_mail</option>
    <option id="communication/ic_contact_phone">communication/ic_contact_phone</option>
    <option id="communication/ic_contacts">communication/ic_contacts</option>
    <option id="communication/ic_dialer_sip">communication/ic_dialer_sip</option>
    <option id="communication/ic_dialpad">communication/ic_dialpad</option>
    <option id="communication/ic_email">communication/ic_email</option>
    <option id="communication/ic_forum">communication/ic_forum</option>
    <option id="communication/ic_import_contacts">communication/ic_import_contacts</option>
    <option id="communication/ic_import_export">communication/ic_import_export</option>
    <option id="communication/ic_invert_colors_off">communication/ic_invert_colors_off</option>
    <option id="communication/ic_live_help">communication/ic_live_help</option>
    <option id="communication/ic_location_off">communication/ic_location_off</option>
    <option id="communication/ic_location_on">communication/ic_location_on</option>
    <option id="communication/ic_mail_outline">communication/ic_mail_outline</option>
    <option id="communication/ic_message">communication/ic_message</option>
    <option id="communication/ic_no_sim">communication/ic_no_sim</option>
    <option id="communication/ic_phone">communication/ic_phone</option>
    <option id="communication/ic_phonelink_erase">communication/ic_phonelink_erase</option>
    <option id="communication/ic_phonelink_lock">communication/ic_phonelink_lock</option>
    <option id="communication/ic_phonelink_ring">communication/ic_phonelink_ring</option>
    <option id="communication/ic_phonelink_setup">communication/ic_phonelink_setup</option>
    <option id="communication/ic_portable_wifi_off">communication/ic_portable_wifi_off</option>
    <option id="communication/ic_present_to_all">communication/ic_present_to_all</option>
    <option id="communication/ic_ring_volume">communication/ic_ring_volume</option>
    <option id="communication/ic_rss_feed">communication/ic_rss_feed</option>
    <option id="communication/ic_screen_share">communication/ic_screen_share</option>
    <option id="communication/ic_speaker_phone">communication/ic_speaker_phone</option>
    <option id="communication/ic_stay_current_landscape">communication/ic_stay_current_landscape</option>
    <option id="communication/ic_stay_current_portrait">communication/ic_stay_current_portrait</option>
    <option id="communication/ic_stay_primary_landscape">communication/ic_stay_primary_landscape</option>
    <option id="communication/ic_stay_primary_portrait">communication/ic_stay_primary_portrait</option>
    <option id="communication/ic_stop_screen_share">communication/ic_stop_screen_share</option>
    <option id="communication/ic_swap_calls">communication/ic_swap_calls</option>
    <option id="communication/ic_textsms">communication/ic_textsms</option>
    <option id="communication/ic_voicemail">communication/ic_voicemail</option>
    <option id="communication/ic_vpn_key">communication/ic_vpn_key</option>
    <option id="content/ic_add">content/ic_add</option>
    <option id="content/ic_add_box">content/ic_add_box</option>
    <option id="content/ic_add_circle">content/ic_add_circle</option>
    <option id="content/ic_add_circle_outline">content/ic_add_circle_outline</option>
    <option id="content/ic_archive">content/ic_archive</option>
    <option id="content/ic_backspace">content/ic_backspace</option>
    <option id="content/ic_block">content/ic_block</option>
    <option id="content/ic_clear">content/ic_clear</option>
    <option id="content/ic_content_copy">content/ic_content_copy</option>
    <option id="content/ic_content_cut">content/ic_content_cut</option>
    <option id="content/ic_content_paste">content/ic_content_paste</option>
    <option id="content/ic_create">content/ic_create</option>
    <option id="content/ic_delete_sweep">content/ic_delete_sweep</option>
    <option id="content/ic_drafts">content/ic_drafts</option>
    <option id="content/ic_filter_list">content/ic_filter_list</option>
    <option id="content/ic_flag">content/ic_flag</option>
    <option id="content/ic_font_download">content/ic_font_download</option>
    <option id="content/ic_forward">content/ic_forward</option>
    <option id="content/ic_gesture">content/ic_gesture</option>
    <option id="content/ic_inbox">content/ic_inbox</option>
    <option id="content/ic_link">content/ic_link</option>
    <option id="content/ic_low_priority">content/ic_low_priority</option>
    <option id="content/ic_mail">content/ic_mail</option>
    <option id="content/ic_markunread">content/ic_markunread</option>
    <option id="content/ic_move_to_inbox">content/ic_move_to_inbox</option>
    <option id="content/ic_next_week">content/ic_next_week</option>
    <option id="content/ic_redo">content/ic_redo</option>
    <option id="content/ic_remove">content/ic_remove</option>
    <option id="content/ic_remove_circle">content/ic_remove_circle</option>
    <option id="content/ic_remove_circle_outline">content/ic_remove_circle_outline</option>
    <option id="content/ic_reply_all">content/ic_reply_all</option>
    <option id="content/ic_reply">content/ic_reply</option>
    <option id="content/ic_report">content/ic_report</option>
    <option id="content/ic_save">content/ic_save</option>
    <option id="content/ic_select_all">content/ic_select_all</option>
    <option id="content/ic_send">content/ic_send</option>
    <option id="content/ic_sort">content/ic_sort</option>
    <option id="content/ic_text_format">content/ic_text_format</option>
    <option id="content/ic_unarchive">content/ic_unarchive</option>
    <option id="content/ic_undo">content/ic_undo</option>
    <option id="content/ic_weekend">content/ic_weekend</option>
    <option id="device/ic_access_alarm">device/ic_access_alarm</option>
    <option id="device/ic_access_alarms">device/ic_access_alarms</option>
    <option id="device/ic_access_time">device/ic_access_time</option>
    <option id="device/ic_add_alarm">device/ic_add_alarm</option>
    <option id="device/ic_airplanemode_active">device/ic_airplanemode_active</option>
    <option id="device/ic_airplanemode_inactive">device/ic_airplanemode_inactive</option>
    <option id="device/ic_battery_20">device/ic_battery_20</option>
    <option id="device/ic_battery_30">device/ic_battery_30</option>
    <option id="device/ic_battery_50">device/ic_battery_50</option>
    <option id="device/ic_battery_60">device/ic_battery_60</option>
    <option id="device/ic_battery_80">device/ic_battery_80</option>
    <option id="device/ic_battery_90">device/ic_battery_90</option>
    <option id="device/ic_battery_alert">device/ic_battery_alert</option>
    <option id="device/ic_battery_charging_20">device/ic_battery_charging_20</option>
    <option id="device/ic_battery_charging_30">device/ic_battery_charging_30</option>
    <option id="device/ic_battery_charging_50">device/ic_battery_charging_50</option>
    <option id="device/ic_battery_charging_60">device/ic_battery_charging_60</option>
    <option id="device/ic_battery_charging_80">device/ic_battery_charging_80</option>
    <option id="device/ic_battery_charging_90">device/ic_battery_charging_90</option>
    <option id="device/ic_battery_charging_full">device/ic_battery_charging_full</option>
    <option id="device/ic_battery_full">device/ic_battery_full</option>
    <option id="device/ic_battery_std">device/ic_battery_std</option>
    <option id="device/ic_battery_unknown">device/ic_battery_unknown</option>
    <option id="device/ic_bluetooth">device/ic_bluetooth</option>
    <option id="device/ic_bluetooth_connected">device/ic_bluetooth_connected</option>
    <option id="device/ic_bluetooth_disabled">device/ic_bluetooth_disabled</option>
    <option id="device/ic_bluetooth_searching">device/ic_bluetooth_searching</option>
    <option id="device/ic_brightness_auto">device/ic_brightness_auto</option>
    <option id="device/ic_brightness_high">device/ic_brightness_high</option>
    <option id="device/ic_brightness_low">device/ic_brightness_low</option>
    <option id="device/ic_brightness_medium">device/ic_brightness_medium</option>
    <option id="device/ic_data_usage">device/ic_data_usage</option>
    <option id="device/ic_developer_mode">device/ic_developer_mode</option>
    <option id="device/ic_devices">device/ic_devices</option>
    <option id="device/ic_dvr">device/ic_dvr</option>
    <option id="device/ic_gps_fixed">device/ic_gps_fixed</option>
    <option id="device/ic_gps_not_fixed">device/ic_gps_not_fixed</option>
    <option id="device/ic_gps_off">device/ic_gps_off</option>
    <option id="device/ic_graphic_eq">device/ic_graphic_eq</option>
    <option id="device/ic_location_disabled">device/ic_location_disabled</option>
    <option id="device/ic_location_searching">device/ic_location_searching</option>
    <option id="device/ic_network_cell">device/ic_network_cell</option>
    <option id="device/ic_network_wifi">device/ic_network_wifi</option>
    <option id="device/ic_nfc">device/ic_nfc</option>
    <option id="device/ic_screen_lock_landscape">device/ic_screen_lock_landscape</option>
    <option id="device/ic_screen_lock_portrait">device/ic_screen_lock_portrait</option>
    <option id="device/ic_screen_lock_rotation">device/ic_screen_lock_rotation</option>
    <option id="device/ic_screen_rotation">device/ic_screen_rotation</option>
    <option id="device/ic_sd_storage">device/ic_sd_storage</option>
    <option id="device/ic_settings_system_daydream">device/ic_settings_system_daydream</option>
    <option id="device/ic_signal_cellular_0_bar">device/ic_signal_cellular_0_bar</option>
    <option id="device/ic_signal_cellular_1_bar">device/ic_signal_cellular_1_bar</option>
    <option id="device/ic_signal_cellular_2_bar">device/ic_signal_cellular_2_bar</option>
    <option id="device/ic_signal_cellular_3_bar">device/ic_signal_cellular_3_bar</option>
    <option id="device/ic_signal_cellular_4_bar">device/ic_signal_cellular_4_bar</option>
    <option id="device/ic_signal_cellular_connected_no_internet_0_bar">device/ic_signal_cellular_connected_no_internet_0_bar</option>
    <option id="device/ic_signal_cellular_connected_no_internet_1_bar">device/ic_signal_cellular_connected_no_internet_1_bar</option>
    <option id="device/ic_signal_cellular_connected_no_internet_2_bar">device/ic_signal_cellular_connected_no_internet_2_bar</option>
    <option id="device/ic_signal_cellular_connected_no_internet_3_bar">device/ic_signal_cellular_connected_no_internet_3_bar</option>
    <option id="device/ic_signal_cellular_connected_no_internet_4_bar">device/ic_signal_cellular_connected_no_internet_4_bar</option>
    <option id="device/ic_signal_cellular_no_sim">device/ic_signal_cellular_no_sim</option>
    <option id="device/ic_signal_cellular_null">device/ic_signal_cellular_null</option>
    <option id="device/ic_signal_cellular_off">device/ic_signal_cellular_off</option>
    <option id="device/ic_signal_wifi_0_bar">device/ic_signal_wifi_0_bar</option>
    <option id="device/ic_signal_wifi_1_bar">device/ic_signal_wifi_1_bar</option>
    <option id="device/ic_signal_wifi_1_bar_lock">device/ic_signal_wifi_1_bar_lock</option>
    <option id="device/ic_signal_wifi_2_bar">device/ic_signal_wifi_2_bar</option>
    <option id="device/ic_signal_wifi_2_bar_lock">device/ic_signal_wifi_2_bar_lock</option>
    <option id="device/ic_signal_wifi_3_bar">device/ic_signal_wifi_3_bar</option>
    <option id="device/ic_signal_wifi_3_bar_lock">device/ic_signal_wifi_3_bar_lock</option>
    <option id="device/ic_signal_wifi_4_bar">device/ic_signal_wifi_4_bar</option>
    <option id="device/ic_signal_wifi_4_bar_lock">device/ic_signal_wifi_4_bar_lock</option>
    <option id="device/ic_signal_wifi_off">device/ic_signal_wifi_off</option>
    <option id="device/ic_storage">device/ic_storage</option>
    <option id="device/ic_usb">device/ic_usb</option>
    <option id="device/ic_wallpaper">device/ic_wallpaper</option>
    <option id="device/ic_widgets">device/ic_widgets</option>
    <option id="device/ic_wifi_lock">device/ic_wifi_lock</option>
    <option id="device/ic_wifi_tethering">device/ic_wifi_tethering</option>
    <option id="editor/ic_attach_file">editor/ic_attach_file</option>
    <option id="editor/ic_attach_money">editor/ic_attach_money</option>
    <option id="editor/ic_border_all">editor/ic_border_all</option>
    <option id="editor/ic_border_bottom">editor/ic_border_bottom</option>
    <option id="editor/ic_border_clear">editor/ic_border_clear</option>
    <option id="editor/ic_border_color">editor/ic_border_color</option>
    <option id="editor/ic_border_horizontal">editor/ic_border_horizontal</option>
    <option id="editor/ic_border_inner">editor/ic_border_inner</option>
    <option id="editor/ic_border_left">editor/ic_border_left</option>
    <option id="editor/ic_border_outer">editor/ic_border_outer</option>
    <option id="editor/ic_border_right">editor/ic_border_right</option>
    <option id="editor/ic_border_style">editor/ic_border_style</option>
    <option id="editor/ic_border_top">editor/ic_border_top</option>
    <option id="editor/ic_border_vertical">editor/ic_border_vertical</option>
    <option id="editor/ic_bubble_chart">editor/ic_bubble_chart</option>
    <option id="editor/ic_drag_handle">editor/ic_drag_handle</option>
    <option id="editor/ic_format_align_center">editor/ic_format_align_center</option>
    <option id="editor/ic_format_align_justify">editor/ic_format_align_justify</option>
    <option id="editor/ic_format_align_left">editor/ic_format_align_left</option>
    <option id="editor/ic_format_align_right">editor/ic_format_align_right</option>
    <option id="editor/ic_format_bold">editor/ic_format_bold</option>
    <option id="editor/ic_format_clear">editor/ic_format_clear</option>
    <option id="editor/ic_format_color_fill">editor/ic_format_color_fill</option>
    <option id="editor/ic_format_color_reset">editor/ic_format_color_reset</option>
    <option id="editor/ic_format_color_text">editor/ic_format_color_text</option>
    <option id="editor/ic_format_indent_decrease">editor/ic_format_indent_decrease</option>
    <option id="editor/ic_format_indent_increase">editor/ic_format_indent_increase</option>
    <option id="editor/ic_format_italic">editor/ic_format_italic</option>
    <option id="editor/ic_format_line_spacing">editor/ic_format_line_spacing</option>
    <option id="editor/ic_format_list_bulleted">editor/ic_format_list_bulleted</option>
    <option id="editor/ic_format_list_numbered">editor/ic_format_list_numbered</option>
    <option id="editor/ic_format_paint">editor/ic_format_paint</option>
    <option id="editor/ic_format_quote">editor/ic_format_quote</option>
    <option id="editor/ic_format_shapes">editor/ic_format_shapes</option>
    <option id="editor/ic_format_size">editor/ic_format_size</option>
    <option id="editor/ic_format_strikethrough">editor/ic_format_strikethrough</option>
    <option id="editor/ic_format_textdirection_l_to_r">editor/ic_format_textdirection_l_to_r</option>
    <option id="editor/ic_format_textdirection_r_to_l">editor/ic_format_textdirection_r_to_l</option>
    <option id="editor/ic_format_underlined">editor/ic_format_underlined</option>
    <option id="editor/ic_functions">editor/ic_functions</option>
    <option id="editor/ic_highlight">editor/ic_highlight</option>
    <option id="editor/ic_insert_chart">editor/ic_insert_chart</option>
    <option id="editor/ic_insert_comment">editor/ic_insert_comment</option>
    <option id="editor/ic_insert_drive_file">editor/ic_insert_drive_file</option>
    <option id="editor/ic_insert_emoticon">editor/ic_insert_emoticon</option>
    <option id="editor/ic_insert_invitation">editor/ic_insert_invitation</option>
    <option id="editor/ic_insert_link">editor/ic_insert_link</option>
    <option id="editor/ic_insert_photo">editor/ic_insert_photo</option>
    <option id="editor/ic_linear_scale">editor/ic_linear_scale</option>
    <option id="editor/ic_merge_type">editor/ic_merge_type</option>
    <option id="editor/ic_mode_comment">editor/ic_mode_comment</option>
    <option id="editor/ic_mode_edit">editor/ic_mode_edit</option>
    <option id="editor/ic_monetization_on">editor/ic_monetization_on</option>
    <option id="editor/ic_money_off">editor/ic_money_off</option>
    <option id="editor/ic_multiline_chart">editor/ic_multiline_chart</option>
    <option id="editor/ic_pie_chart">editor/ic_pie_chart</option>
    <option id="editor/ic_pie_chart_outlined">editor/ic_pie_chart_outlined</option>
    <option id="editor/ic_publish">editor/ic_publish</option>
    <option id="editor/ic_short_text">editor/ic_short_text</option>
    <option id="editor/ic_show_chart">editor/ic_show_chart</option>
    <option id="editor/ic_space_bar">editor/ic_space_bar</option>
    <option id="editor/ic_strikethrough_s">editor/ic_strikethrough_s</option>
    <option id="editor/ic_text_fields">editor/ic_text_fields</option>
    <option id="editor/ic_title">editor/ic_title</option>
    <option id="editor/ic_vertical_align_bottom">editor/ic_vertical_align_bottom</option>
    <option id="editor/ic_vertical_align_center">editor/ic_vertical_align_center</option>
    <option id="editor/ic_vertical_align_top">editor/ic_vertical_align_top</option>
    <option id="editor/ic_wrap_text">editor/ic_wrap_text</option>
    <option id="file/ic_attachment">file/ic_attachment</option>
    <option id="file/ic_cloud">file/ic_cloud</option>
    <option id="file/ic_cloud_circle">file/ic_cloud_circle</option>
    <option id="file/ic_cloud_done">file/ic_cloud_done</option>
    <option id="file/ic_cloud_download">file/ic_cloud_download</option>
    <option id="file/ic_cloud_off">file/ic_cloud_off</option>
    <option id="file/ic_cloud_queue">file/ic_cloud_queue</option>
    <option id="file/ic_cloud_upload">file/ic_cloud_upload</option>
    <option id="file/ic_create_new_folder">file/ic_create_new_folder</option>
    <option id="file/ic_file_download">file/ic_file_download</option>
    <option id="file/ic_file_upload">file/ic_file_upload</option>
    <option id="file/ic_folder">file/ic_folder</option>
    <option id="file/ic_folder_open">file/ic_folder_open</option>
    <option id="file/ic_folder_shared">file/ic_folder_shared</option>
    <option id="hardware/ic_cast">hardware/ic_cast</option>
    <option id="hardware/ic_cast_connected">hardware/ic_cast_connected</option>
    <option id="hardware/ic_computer">hardware/ic_computer</option>
    <option id="hardware/ic_desktop_mac">hardware/ic_desktop_mac</option>
    <option id="hardware/ic_desktop_windows">hardware/ic_desktop_windows</option>
    <option id="hardware/ic_developer_board">hardware/ic_developer_board</option>
    <option id="hardware/ic_device_hub">hardware/ic_device_hub</option>
    <option id="hardware/ic_devices_other">hardware/ic_devices_other</option>
    <option id="hardware/ic_dock">hardware/ic_dock</option>
    <option id="hardware/ic_gamepad">hardware/ic_gamepad</option>
    <option id="hardware/ic_headset">hardware/ic_headset</option>
    <option id="hardware/ic_headset_mic">hardware/ic_headset_mic</option>
    <option id="hardware/ic_keyboard_arrow_down">hardware/ic_keyboard_arrow_down</option>
    <option id="hardware/ic_keyboard_arrow_left">hardware/ic_keyboard_arrow_left</option>
    <option id="hardware/ic_keyboard_arrow_right">hardware/ic_keyboard_arrow_right</option>
    <option id="hardware/ic_keyboard_arrow_up">hardware/ic_keyboard_arrow_up</option>
    <option id="hardware/ic_keyboard_backspace">hardware/ic_keyboard_backspace</option>
    <option id="hardware/ic_keyboard">hardware/ic_keyboard</option>
    <option id="hardware/ic_keyboard_capslock">hardware/ic_keyboard_capslock</option>
    <option id="hardware/ic_keyboard_hide">hardware/ic_keyboard_hide</option>
    <option id="hardware/ic_keyboard_return">hardware/ic_keyboard_return</option>
    <option id="hardware/ic_keyboard_tab">hardware/ic_keyboard_tab</option>
    <option id="hardware/ic_keyboard_voice">hardware/ic_keyboard_voice</option>
    <option id="hardware/ic_laptop">hardware/ic_laptop</option>
    <option id="hardware/ic_laptop_chromebook">hardware/ic_laptop_chromebook</option>
    <option id="hardware/ic_laptop_mac">hardware/ic_laptop_mac</option>
    <option id="hardware/ic_laptop_windows">hardware/ic_laptop_windows</option>
    <option id="hardware/ic_memory">hardware/ic_memory</option>
    <option id="hardware/ic_mouse">hardware/ic_mouse</option>
    <option id="hardware/ic_phone_android">hardware/ic_phone_android</option>
    <option id="hardware/ic_phone_iphone">hardware/ic_phone_iphone</option>
    <option id="hardware/ic_phonelink">hardware/ic_phonelink</option>
    <option id="hardware/ic_phonelink_off">hardware/ic_phonelink_off</option>
    <option id="hardware/ic_power_input">hardware/ic_power_input</option>
    <option id="hardware/ic_router">hardware/ic_router</option>
    <option id="hardware/ic_scanner">hardware/ic_scanner</option>
    <option id="hardware/ic_security">hardware/ic_security</option>
    <option id="hardware/ic_sim_card">hardware/ic_sim_card</option>
    <option id="hardware/ic_smartphone">hardware/ic_smartphone</option>
    <option id="hardware/ic_speaker">hardware/ic_speaker</option>
    <option id="hardware/ic_speaker_group">hardware/ic_speaker_group</option>
    <option id="hardware/ic_tablet_android">hardware/ic_tablet_android</option>
    <option id="hardware/ic_tablet">hardware/ic_tablet</option>
    <option id="hardware/ic_tablet_mac">hardware/ic_tablet_mac</option>
    <option id="hardware/ic_toys">hardware/ic_toys</option>
    <option id="hardware/ic_tv">hardware/ic_tv</option>
    <option id="hardware/ic_videogame_asset">hardware/ic_videogame_asset</option>
    <option id="hardware/ic_watch">hardware/ic_watch</option>
    <option id="image/ic_add_a_photo">image/ic_add_a_photo</option>
    <option id="image/ic_add_to_photos">image/ic_add_to_photos</option>
    <option id="image/ic_adjust">image/ic_adjust</option>
    <option id="image/ic_assistant">image/ic_assistant</option>
    <option id="image/ic_assistant_photo">image/ic_assistant_photo</option>
    <option id="image/ic_audiotrack">image/ic_audiotrack</option>
    <option id="image/ic_blur_circular">image/ic_blur_circular</option>
    <option id="image/ic_blur_linear">image/ic_blur_linear</option>
    <option id="image/ic_blur_off">image/ic_blur_off</option>
    <option id="image/ic_blur_on">image/ic_blur_on</option>
    <option id="image/ic_brightness_1">image/ic_brightness_1</option>
    <option id="image/ic_brightness_2">image/ic_brightness_2</option>
    <option id="image/ic_brightness_3">image/ic_brightness_3</option>
    <option id="image/ic_brightness_4">image/ic_brightness_4</option>
    <option id="image/ic_brightness_5">image/ic_brightness_5</option>
    <option id="image/ic_brightness_6">image/ic_brightness_6</option>
    <option id="image/ic_brightness_7">image/ic_brightness_7</option>
    <option id="image/ic_broken_image">image/ic_broken_image</option>
    <option id="image/ic_brush">image/ic_brush</option>
    <option id="image/ic_burst_mode">image/ic_burst_mode</option>
    <option id="image/ic_camera_alt">image/ic_camera_alt</option>
    <option id="image/ic_camera">image/ic_camera</option>
    <option id="image/ic_camera_front">image/ic_camera_front</option>
    <option id="image/ic_camera_rear">image/ic_camera_rear</option>
    <option id="image/ic_camera_roll">image/ic_camera_roll</option>
    <option id="image/ic_center_focus_strong">image/ic_center_focus_strong</option>
    <option id="image/ic_center_focus_weak">image/ic_center_focus_weak</option>
    <option id="image/ic_collections">image/ic_collections</option>
    <option id="image/ic_collections_bookmark">image/ic_collections_bookmark</option>
    <option id="image/ic_color_lens">image/ic_color_lens</option>
    <option id="image/ic_colorize">image/ic_colorize</option>
    <option id="image/ic_compare">image/ic_compare</option>
    <option id="image/ic_control_point">image/ic_control_point</option>
    <option id="image/ic_control_point_duplicate">image/ic_control_point_duplicate</option>
    <option id="image/ic_crop_16_9">image/ic_crop_16_9</option>
    <option id="image/ic_crop_3_2">image/ic_crop_3_2</option>
    <option id="image/ic_crop_5_4">image/ic_crop_5_4</option>
    <option id="image/ic_crop_7_5">image/ic_crop_7_5</option>
    <option id="image/ic_crop">image/ic_crop</option>
    <option id="image/ic_crop_din">image/ic_crop_din</option>
    <option id="image/ic_crop_free">image/ic_crop_free</option>
    <option id="image/ic_crop_landscape">image/ic_crop_landscape</option>
    <option id="image/ic_crop_original">image/ic_crop_original</option>
    <option id="image/ic_crop_portrait">image/ic_crop_portrait</option>
    <option id="image/ic_crop_rotate">image/ic_crop_rotate</option>
    <option id="image/ic_crop_square">image/ic_crop_square</option>
    <option id="image/ic_dehaze">image/ic_dehaze</option>
    <option id="image/ic_details">image/ic_details</option>
    <option id="image/ic_edit">image/ic_edit</option>
    <option id="image/ic_exposure">image/ic_exposure</option>
    <option id="image/ic_exposure_neg_1">image/ic_exposure_neg_1</option>
    <option id="image/ic_exposure_neg_2">image/ic_exposure_neg_2</option>
    <option id="image/ic_exposure_plus_1">image/ic_exposure_plus_1</option>
    <option id="image/ic_exposure_plus_2">image/ic_exposure_plus_2</option>
    <option id="image/ic_exposure_zero">image/ic_exposure_zero</option>
    <option id="image/ic_filter_1">image/ic_filter_1</option>
    <option id="image/ic_filter_2">image/ic_filter_2</option>
    <option id="image/ic_filter_3">image/ic_filter_3</option>
    <option id="image/ic_filter_4">image/ic_filter_4</option>
    <option id="image/ic_filter_5">image/ic_filter_5</option>
    <option id="image/ic_filter_6">image/ic_filter_6</option>
    <option id="image/ic_filter_7">image/ic_filter_7</option>
    <option id="image/ic_filter_8">image/ic_filter_8</option>
    <option id="image/ic_filter_9">image/ic_filter_9</option>
    <option id="image/ic_filter_9_plus">image/ic_filter_9_plus</option>
    <option id="image/ic_filter_b_and_w">image/ic_filter_b_and_w</option>
    <option id="image/ic_filter">image/ic_filter</option>
    <option id="image/ic_filter_center_focus">image/ic_filter_center_focus</option>
    <option id="image/ic_filter_drama">image/ic_filter_drama</option>
    <option id="image/ic_filter_frames">image/ic_filter_frames</option>
    <option id="image/ic_filter_hdr">image/ic_filter_hdr</option>
    <option id="image/ic_filter_none">image/ic_filter_none</option>
    <option id="image/ic_filter_tilt_shift">image/ic_filter_tilt_shift</option>
    <option id="image/ic_filter_vintage">image/ic_filter_vintage</option>
    <option id="image/ic_flare">image/ic_flare</option>
    <option id="image/ic_flash_auto">image/ic_flash_auto</option>
    <option id="image/ic_flash_off">image/ic_flash_off</option>
    <option id="image/ic_flash_on">image/ic_flash_on</option>
    <option id="image/ic_flip">image/ic_flip</option>
    <option id="image/ic_gradient">image/ic_gradient</option>
    <option id="image/ic_grain">image/ic_grain</option>
    <option id="image/ic_grid_off">image/ic_grid_off</option>
    <option id="image/ic_grid_on">image/ic_grid_on</option>
    <option id="image/ic_hdr_off">image/ic_hdr_off</option>
    <option id="image/ic_hdr_on">image/ic_hdr_on</option>
    <option id="image/ic_hdr_strong">image/ic_hdr_strong</option>
    <option id="image/ic_hdr_weak">image/ic_hdr_weak</option>
    <option id="image/ic_healing">image/ic_healing</option>
    <option id="image/ic_image_aspect_ratio">image/ic_image_aspect_ratio</option>
    <option id="image/ic_image">image/ic_image</option>
    <option id="image/ic_iso">image/ic_iso</option>
    <option id="image/ic_landscape">image/ic_landscape</option>
    <option id="image/ic_leak_add">image/ic_leak_add</option>
    <option id="image/ic_leak_remove">image/ic_leak_remove</option>
    <option id="image/ic_lens">image/ic_lens</option>
    <option id="image/ic_linked_camera">image/ic_linked_camera</option>
    <option id="image/ic_looks_3">image/ic_looks_3</option>
    <option id="image/ic_looks_4">image/ic_looks_4</option>
    <option id="image/ic_looks_5">image/ic_looks_5</option>
    <option id="image/ic_looks_6">image/ic_looks_6</option>
    <option id="image/ic_looks">image/ic_looks</option>
    <option id="image/ic_looks_one">image/ic_looks_one</option>
    <option id="image/ic_looks_two">image/ic_looks_two</option>
    <option id="image/ic_loupe">image/ic_loupe</option>
    <option id="image/ic_monochrome_photos">image/ic_monochrome_photos</option>
    <option id="image/ic_movie_creation">image/ic_movie_creation</option>
    <option id="image/ic_movie_filter">image/ic_movie_filter</option>
    <option id="image/ic_music_note">image/ic_music_note</option>
    <option id="image/ic_nature">image/ic_nature</option>
    <option id="image/ic_nature_people">image/ic_nature_people</option>
    <option id="image/ic_navigate_before">image/ic_navigate_before</option>
    <option id="image/ic_navigate_next">image/ic_navigate_next</option>
    <option id="image/ic_palette">image/ic_palette</option>
    <option id="image/ic_panorama">image/ic_panorama</option>
    <option id="image/ic_panorama_fish_eye">image/ic_panorama_fish_eye</option>
    <option id="image/ic_panorama_horizontal">image/ic_panorama_horizontal</option>
    <option id="image/ic_panorama_vertical">image/ic_panorama_vertical</option>
    <option id="image/ic_panorama_wide_angle">image/ic_panorama_wide_angle</option>
    <option id="image/ic_photo_album">image/ic_photo_album</option>
    <option id="image/ic_photo">image/ic_photo</option>
    <option id="image/ic_photo_camera">image/ic_photo_camera</option>
    <option id="image/ic_photo_filter">image/ic_photo_filter</option>
    <option id="image/ic_photo_library">image/ic_photo_library</option>
    <option id="image/ic_photo_size_select_actual">image/ic_photo_size_select_actual</option>
    <option id="image/ic_photo_size_select_large">image/ic_photo_size_select_large</option>
    <option id="image/ic_photo_size_select_small">image/ic_photo_size_select_small</option>
    <option id="image/ic_picture_as_pdf">image/ic_picture_as_pdf</option>
    <option id="image/ic_portrait">image/ic_portrait</option>
    <option id="image/ic_remove_red_eye">image/ic_remove_red_eye</option>
    <option id="image/ic_rotate_90_degrees_ccw">image/ic_rotate_90_degrees_ccw</option>
    <option id="image/ic_rotate_left">image/ic_rotate_left</option>
    <option id="image/ic_rotate_right">image/ic_rotate_right</option>
    <option id="image/ic_slideshow">image/ic_slideshow</option>
    <option id="image/ic_straighten">image/ic_straighten</option>
    <option id="image/ic_style">image/ic_style</option>
    <option id="image/ic_switch_camera">image/ic_switch_camera</option>
    <option id="image/ic_switch_video">image/ic_switch_video</option>
    <option id="image/ic_tag_faces">image/ic_tag_faces</option>
    <option id="image/ic_texture">image/ic_texture</option>
    <option id="image/ic_timelapse">image/ic_timelapse</option>
    <option id="image/ic_timer_10">image/ic_timer_10</option>
    <option id="image/ic_timer_3">image/ic_timer_3</option>
    <option id="image/ic_timer">image/ic_timer</option>
    <option id="image/ic_timer_off">image/ic_timer_off</option>
    <option id="image/ic_tonality">image/ic_tonality</option>
    <option id="image/ic_transform">image/ic_transform</option>
    <option id="image/ic_tune">image/ic_tune</option>
    <option id="image/ic_view_comfy">image/ic_view_comfy</option>
    <option id="image/ic_view_compact">image/ic_view_compact</option>
    <option id="image/ic_vignette">image/ic_vignette</option>
    <option id="image/ic_wb_auto">image/ic_wb_auto</option>
    <option id="image/ic_wb_cloudy">image/ic_wb_cloudy</option>
    <option id="image/ic_wb_incandescent">image/ic_wb_incandescent</option>
    <option id="image/ic_wb_iridescent">image/ic_wb_iridescent</option>
    <option id="image/ic_wb_sunny">image/ic_wb_sunny</option>
    <option id="maps/ic_add_location">maps/ic_add_location</option>
    <option id="maps/ic_beenhere">maps/ic_beenhere</option>
    <option id="maps/ic_directions_bike">maps/ic_directions_bike</option>
    <option id="maps/ic_directions">maps/ic_directions</option>
    <option id="maps/ic_directions_boat">maps/ic_directions_boat</option>
    <option id="maps/ic_directions_bus">maps/ic_directions_bus</option>
    <option id="maps/ic_directions_car">maps/ic_directions_car</option>
    <option id="maps/ic_directions_railway">maps/ic_directions_railway</option>
    <option id="maps/ic_directions_run">maps/ic_directions_run</option>
    <option id="maps/ic_directions_subway">maps/ic_directions_subway</option>
    <option id="maps/ic_directions_transit">maps/ic_directions_transit</option>
    <option id="maps/ic_directions_walk">maps/ic_directions_walk</option>
    <option id="maps/ic_edit_location">maps/ic_edit_location</option>
    <option id="maps/ic_ev_station">maps/ic_ev_station</option>
    <option id="maps/ic_flight">maps/ic_flight</option>
    <option id="maps/ic_hotel">maps/ic_hotel</option>
    <option id="maps/ic_layers">maps/ic_layers</option>
    <option id="maps/ic_layers_clear">maps/ic_layers_clear</option>
    <option id="maps/ic_local_activity">maps/ic_local_activity</option>
    <option id="maps/ic_local_airport">maps/ic_local_airport</option>
    <option id="maps/ic_local_atm">maps/ic_local_atm</option>
    <option id="maps/ic_local_bar">maps/ic_local_bar</option>
    <option id="maps/ic_local_cafe">maps/ic_local_cafe</option>
    <option id="maps/ic_local_car_wash">maps/ic_local_car_wash</option>
    <option id="maps/ic_local_convenience_store">maps/ic_local_convenience_store</option>
    <option id="maps/ic_local_dining">maps/ic_local_dining</option>
    <option id="maps/ic_local_drink">maps/ic_local_drink</option>
    <option id="maps/ic_local_florist">maps/ic_local_florist</option>
    <option id="maps/ic_local_gas_station">maps/ic_local_gas_station</option>
    <option id="maps/ic_local_grocery_store">maps/ic_local_grocery_store</option>
    <option id="maps/ic_local_hospital">maps/ic_local_hospital</option>
    <option id="maps/ic_local_hotel">maps/ic_local_hotel</option>
    <option id="maps/ic_local_laundry_service">maps/ic_local_laundry_service</option>
    <option id="maps/ic_local_library">maps/ic_local_library</option>
    <option id="maps/ic_local_mall">maps/ic_local_mall</option>
    <option id="maps/ic_local_movies">maps/ic_local_movies</option>
    <option id="maps/ic_local_offer">maps/ic_local_offer</option>
    <option id="maps/ic_local_parking">maps/ic_local_parking</option>
    <option id="maps/ic_local_pharmacy">maps/ic_local_pharmacy</option>
    <option id="maps/ic_local_phone">maps/ic_local_phone</option>
    <option id="maps/ic_local_pizza">maps/ic_local_pizza</option>
    <option id="maps/ic_local_play">maps/ic_local_play</option>
    <option id="maps/ic_local_post_office">maps/ic_local_post_office</option>
    <option id="maps/ic_local_printshop">maps/ic_local_printshop</option>
    <option id="maps/ic_local_see">maps/ic_local_see</option>
    <option id="maps/ic_local_shipping">maps/ic_local_shipping</option>
    <option id="maps/ic_local_taxi">maps/ic_local_taxi</option>
    <option id="maps/ic_map">maps/ic_map</option>
    <option id="maps/ic_my_location">maps/ic_my_location</option>
    <option id="maps/ic_navigation">maps/ic_navigation</option>
    <option id="maps/ic_near_me">maps/ic_near_me</option>
    <option id="maps/ic_person_pin">maps/ic_person_pin</option>
    <option id="maps/ic_person_pin_circle">maps/ic_person_pin_circle</option>
    <option id="maps/ic_pin_drop">maps/ic_pin_drop</option>
    <option id="maps/ic_place">maps/ic_place</option>
    <option id="maps/ic_rate_review">maps/ic_rate_review</option>
    <option id="maps/ic_restaurant">maps/ic_restaurant</option>
    <option id="maps/ic_restaurant_menu">maps/ic_restaurant_menu</option>
    <option id="maps/ic_satellite">maps/ic_satellite</option>
    <option id="maps/ic_store_mall_directory">maps/ic_store_mall_directory</option>
    <option id="maps/ic_streetview">maps/ic_streetview</option>
    <option id="maps/ic_subway">maps/ic_subway</option>
    <option id="maps/ic_terrain">maps/ic_terrain</option>
    <option id="maps/ic_traffic">maps/ic_traffic</option>
    <option id="maps/ic_train">maps/ic_train</option>
    <option id="maps/ic_tram">maps/ic_tram</option>
    <option id="maps/ic_transfer_within_a_station">maps/ic_transfer_within_a_station</option>
    <option id="maps/ic_zoom_out_map">maps/ic_zoom_out_map</option>
    <option id="navigation/ic_apps">navigation/ic_apps</option>
    <option id="navigation/ic_arrow_back">navigation/ic_arrow_back</option>
    <option id="navigation/ic_arrow_downward">navigation/ic_arrow_downward</option>
    <option id="navigation/ic_arrow_drop_down">navigation/ic_arrow_drop_down</option>
    <option id="navigation/ic_arrow_drop_down_circle">navigation/ic_arrow_drop_down_circle</option>
    <option id="navigation/ic_arrow_drop_up">navigation/ic_arrow_drop_up</option>
    <option id="navigation/ic_arrow_forward">navigation/ic_arrow_forward</option>
    <option id="navigation/ic_arrow_upward">navigation/ic_arrow_upward</option>
    <option id="navigation/ic_cancel">navigation/ic_cancel</option>
    <option id="navigation/ic_check">navigation/ic_check</option>
    <option id="navigation/ic_chevron_left">navigation/ic_chevron_left</option>
    <option id="navigation/ic_chevron_right">navigation/ic_chevron_right</option>
    <option id="navigation/ic_close">navigation/ic_close</option>
    <option id="navigation/ic_expand_less">navigation/ic_expand_less</option>
    <option id="navigation/ic_expand_more">navigation/ic_expand_more</option>
    <option id="navigation/ic_first_page">navigation/ic_first_page</option>
    <option id="navigation/ic_fullscreen">navigation/ic_fullscreen</option>
    <option id="navigation/ic_fullscreen_exit">navigation/ic_fullscreen_exit</option>
    <option id="navigation/ic_last_page">navigation/ic_last_page</option>
    <option id="navigation/ic_menu">navigation/ic_menu</option>
    <option id="navigation/ic_more_horiz">navigation/ic_more_horiz</option>
    <option id="navigation/ic_more_vert">navigation/ic_more_vert</option>
    <option id="navigation/ic_refresh">navigation/ic_refresh</option>
    <option id="navigation/ic_subdirectory_arrow_left">navigation/ic_subdirectory_arrow_left</option>
    <option id="navigation/ic_subdirectory_arrow_right">navigation/ic_subdirectory_arrow_right</option>
    <option id="navigation/ic_unfold_less">navigation/ic_unfold_less</option>
    <option id="navigation/ic_unfold_more">navigation/ic_unfold_more</option>
    <option id="notification/ic_adb">notification/ic_adb</option>
    <option id="notification/ic_airline_seat_flat_angled">notification/ic_airline_seat_flat_angled</option>
    <option id="notification/ic_airline_seat_flat">notification/ic_airline_seat_flat</option>
    <option id="notification/ic_airline_seat_individual_suite">notification/ic_airline_seat_individual_suite</option>
    <option id="notification/ic_airline_seat_legroom_extra">notification/ic_airline_seat_legroom_extra</option>
    <option id="notification/ic_airline_seat_legroom_normal">notification/ic_airline_seat_legroom_normal</option>
    <option id="notification/ic_airline_seat_legroom_reduced">notification/ic_airline_seat_legroom_reduced</option>
    <option id="notification/ic_airline_seat_recline_extra">notification/ic_airline_seat_recline_extra</option>
    <option id="notification/ic_airline_seat_recline_normal">notification/ic_airline_seat_recline_normal</option>
    <option id="notification/ic_bluetooth_audio">notification/ic_bluetooth_audio</option>
    <option id="notification/ic_confirmation_number">notification/ic_confirmation_number</option>
    <option id="notification/ic_disc_full">notification/ic_disc_full</option>
    <option id="notification/ic_do_not_disturb_alt">notification/ic_do_not_disturb_alt</option>
    <option id="notification/ic_do_not_disturb">notification/ic_do_not_disturb</option>
    <option id="notification/ic_do_not_disturb_off">notification/ic_do_not_disturb_off</option>
    <option id="notification/ic_do_not_disturb_on">notification/ic_do_not_disturb_on</option>
    <option id="notification/ic_drive_eta">notification/ic_drive_eta</option>
    <option id="notification/ic_enhanced_encryption">notification/ic_enhanced_encryption</option>
    <option id="notification/ic_event_available">notification/ic_event_available</option>
    <option id="notification/ic_event_busy">notification/ic_event_busy</option>
    <option id="notification/ic_event_note">notification/ic_event_note</option>
    <option id="notification/ic_folder_special">notification/ic_folder_special</option>
    <option id="notification/ic_live_tv">notification/ic_live_tv</option>
    <option id="notification/ic_mms">notification/ic_mms</option>
    <option id="notification/ic_more">notification/ic_more</option>
    <option id="notification/ic_network_check">notification/ic_network_check</option>
    <option id="notification/ic_network_locked">notification/ic_network_locked</option>
    <option id="notification/ic_no_encryption">notification/ic_no_encryption</option>
    <option id="notification/ic_ondemand_video">notification/ic_ondemand_video</option>
    <option id="notification/ic_personal_video">notification/ic_personal_video</option>
    <option id="notification/ic_phone_bluetooth_speaker">notification/ic_phone_bluetooth_speaker</option>
    <option id="notification/ic_phone_forwarded">notification/ic_phone_forwarded</option>
    <option id="notification/ic_phone_in_talk">notification/ic_phone_in_talk</option>
    <option id="notification/ic_phone_locked">notification/ic_phone_locked</option>
    <option id="notification/ic_phone_missed">notification/ic_phone_missed</option>
    <option id="notification/ic_phone_paused">notification/ic_phone_paused</option>
    <option id="notification/ic_power">notification/ic_power</option>
    <option id="notification/ic_priority_high">notification/ic_priority_high</option>
    <option id="notification/ic_rv_hookup">notification/ic_rv_hookup</option>
    <option id="notification/ic_sd_card">notification/ic_sd_card</option>
    <option id="notification/ic_sim_card_alert">notification/ic_sim_card_alert</option>
    <option id="notification/ic_sms">notification/ic_sms</option>
    <option id="notification/ic_sms_failed">notification/ic_sms_failed</option>
    <option id="notification/ic_sync">notification/ic_sync</option>
    <option id="notification/ic_sync_disabled">notification/ic_sync_disabled</option>
    <option id="notification/ic_sync_problem">notification/ic_sync_problem</option>
    <option id="notification/ic_system_update">notification/ic_system_update</option>
    <option id="notification/ic_tap_and_play">notification/ic_tap_and_play</option>
    <option id="notification/ic_time_to_leave">notification/ic_time_to_leave</option>
    <option id="notification/ic_vibration">notification/ic_vibration</option>
    <option id="notification/ic_voice_chat">notification/ic_voice_chat</option>
    <option id="notification/ic_vpn_lock">notification/ic_vpn_lock</option>
    <option id="notification/ic_wc">notification/ic_wc</option>
    <option id="notification/ic_wifi">notification/ic_wifi</option>
    <option id="places/ic_ac_unit">places/ic_ac_unit</option>
    <option id="places/ic_airport_shuttle">places/ic_airport_shuttle</option>
    <option id="places/ic_all_inclusive">places/ic_all_inclusive</option>
    <option id="places/ic_beach_access">places/ic_beach_access</option>
    <option id="places/ic_business_center">places/ic_business_center</option>
    <option id="places/ic_casino">places/ic_casino</option>
    <option id="places/ic_child_care">places/ic_child_care</option>
    <option id="places/ic_child_friendly">places/ic_child_friendly</option>
    <option id="places/ic_fitness_center">places/ic_fitness_center</option>
    <option id="places/ic_free_breakfast">places/ic_free_breakfast</option>
    <option id="places/ic_golf_course">places/ic_golf_course</option>
    <option id="places/ic_hot_tub">places/ic_hot_tub</option>
    <option id="places/ic_kitchen">places/ic_kitchen</option>
    <option id="places/ic_pool">places/ic_pool</option>
    <option id="places/ic_room_service">places/ic_room_service</option>
    <option id="places/ic_rv_hookup">places/ic_rv_hookup</option>
    <option id="places/ic_smoke_free">places/ic_smoke_free</option>
    <option id="places/ic_smoking_rooms">places/ic_smoking_rooms</option>
    <option id="places/ic_spa">places/ic_spa</option>
    <option id="social/ic_cake">social/ic_cake</option>
    <option id="social/ic_domain">social/ic_domain</option>
    <option id="social/ic_group_add">social/ic_group_add</option>
    <option id="social/ic_group">social/ic_group</option>
    <option id="social/ic_location_city">social/ic_location_city</option>
    <option id="social/ic_mood_bad">social/ic_mood_bad</option>
    <option id="social/ic_mood">social/ic_mood</option>
    <option id="social/ic_notifications_active">social/ic_notifications_active</option>
    <option id="social/ic_notifications">social/ic_notifications</option>
    <option id="social/ic_notifications_none">social/ic_notifications_none</option>
    <option id="social/ic_notifications_off">social/ic_notifications_off</option>
    <option id="social/ic_notifications_paused">social/ic_notifications_paused</option>
    <option id="social/ic_pages">social/ic_pages</option>
    <option id="social/ic_party_mode">social/ic_party_mode</option>
    <option id="social/ic_people">social/ic_people</option>
    <option id="social/ic_people_outline">social/ic_people_outline</option>
    <option id="social/ic_person_add">social/ic_person_add</option>
    <option id="social/ic_person">social/ic_person</option>
    <option id="social/ic_person_outline">social/ic_person_outline</option>
    <option id="social/ic_plus_one">social/ic_plus_one</option>
    <option id="social/ic_poll">social/ic_poll</option>
    <option id="social/ic_public">social/ic_public</option>
    <option id="social/ic_school">social/ic_school</option>
    <option id="social/ic_sentiment_dissatisfied">social/ic_sentiment_dissatisfied</option>
    <option id="social/ic_sentiment_neutral">social/ic_sentiment_neutral</option>
    <option id="social/ic_sentiment_satisfied">social/ic_sentiment_satisfied</option>
    <option id="social/ic_sentiment_very_dissatisfied">social/ic_sentiment_very_dissatisfied</option>
    <option id="social/ic_sentiment_very_satisfied">social/ic_sentiment_very_satisfied</option>
    <option id="social/ic_share">social/ic_share</option>
    <option id="social/ic_whatshot">social/ic_whatshot</option>
    <option id="toggle/ic_check_box">toggle/ic_check_box</option>
    <option id="toggle/ic_check_box_outline_blank">toggle/ic_check_box_outline_blank</option>
    <option id="toggle/ic_indeterminate_check_box">toggle/ic_indeterminate_check_box</option>
    <option id="toggle/ic_radio_button_checked">toggle/ic_radio_button_checked</option>
    <option id="toggle/ic_radio_button_unchecked">toggle/ic_radio_button_unchecked</option>
    <option id="toggle/ic_star">toggle/ic_star</option>
    <option id="toggle/ic_star_border">toggle/ic_star_border</option>
    <option id="toggle/ic_star_half">toggle/ic_star_half</option>

</icons>